<?xml version="1.0"?>
<assembly xmlns="http://maven.apache.org/plugins/maven-assembly-plugin/assembly/1.1.2"
	xmlns:xsi="http://www.w3.org/2001/XMLSchema-instance"
	xsi:schemaLocation="http://maven.apache.org/plugins/maven-assembly-plugin/assembly/1.1.2 http://maven.apache.org/xsd/assembly-1.1.2.xsd">

	<id>binary</id>
	<formats>
		<format>tar.gz</format>
		<format>zip</format>
	</formats>
	<includeBaseDirectory>false</includeBaseDirectory>
	<fileSets>
		<fileSet>
			<directory>${basedir}</directory>
			<outputDirectory>/</outputDirectory>
			<includes>
				<include>README*</include>
				<include>LICENSE*</include>
				<include>NOTICE*</include>
			</includes>
		</fileSet>
		<fileSet>
			<directory>target/apidocs</directory>
			<outputDirectory>docs</outputDirectory>
		</fileSet>
		<fileSet>
			<directory>target</directory>
			<outputDirectory>lib</outputDirectory>
			<includes>
				<include>*.jar</include>
			</includes>
		</fileSet>
	</fileSets>
</assembly>

