<?xml version="1.0"?>
<assembly xmlns="http://maven.apache.org/plugins/maven-assembly-plugin/assembly/1.1.2"
	xmlns:xsi="http://www.w3.org/2001/XMLSchema-instance"
	xsi:schemaLocation="http://maven.apache.org/plugins/maven-assembly-plugin/assembly/1.1.2 http://maven.apache.org/xsd/assembly-1.1.2.xsd">

	<id>source</id>
	<formats>
		<format>tar.gz</format>
		<format>zip</format>
	</formats>
	<includeBaseDirectory>false</includeBaseDirectory>
	<fileSets>
		<fileSet>
			<directory>${basedir}</directory>
			<outputDirectory>${parent.basedir.name}</outputDirectory>
			<excludes>
				<exclude>**/target/**</exclude>
			</excludes>
		</fileSet>
	</fileSets>
</assembly>

